{
  "bayer_w32_base": {
    "epoch": 388,
    "base_width": 32,
    "hl_head": false,
    "param_count": 7760739,
    "size_mb": 29.7,
    "dtype": "float32",
    "file": "bayer_w32_base.onnx",
    "source_sha256": "860ba96fd5d02fe89da739621fb48f5dbb73f77ada295d5a184fa5aaf2024123",
    "train_psnr": 40.5919,
    "val_psnr": 42.5729,
    "val_hl_psnr": null,
    "train_loss": 0.004508,
    "val_loss": 0.00315
  },
  "bayer_w16_base": {
    "epoch": 385,
    "base_width": 16,
    "hl_head": false,
    "param_count": 1941427,
    "size_mb": 7.5,
    "dtype": "float32",
    "file": "bayer_w16_base.onnx",
    "source_sha256": "c2bb517a7db06a8bb16a66fb271cf02351d76d807b3c8efaae5a00ad8c48aaba",
    "train_psnr": 38.3967,
    "val_psnr": 39.998,
    "val_hl_psnr": null,
    "train_loss": 0.005509,
    "val_loss": 0.004281
  },
  "xtrans_w32_base": {
    "epoch": 395,
    "base_width": 32,
    "hl_head": false,
    "param_count": 7760739,
    "size_mb": 29.7,
    "dtype": "float32",
    "file": "xtrans_w32_base.onnx",
    "source_sha256": "d9a5a3bb2d5f2bf57ac1689ab7d9244e16a1941a2903b5fbd0f0b7725ed7acb9",
    "train_psnr": 39.7876,
    "val_psnr": 41.8073,
    "val_hl_psnr": null,
    "train_loss": 0.004799,
    "val_loss": 0.003459
  },
  "xtrans_w16_base": {
    "epoch": 375,
    "base_width": 16,
    "hl_head": false,
    "param_count": 1941427,
    "size_mb": 7.5,
    "dtype": "float32",
    "file": "xtrans_w16_base.onnx",
    "source_sha256": "45ded32608837bc6f032832ad61ca6719abe7c6a9a765b92d6ccb5418eda757a",
    "train_psnr": 38.3198,
    "val_psnr": 40.05,
    "val_hl_psnr": null,
    "train_loss": 0.005583,
    "val_loss": 0.004267
  }
}