{
  "matrix": [
    [
      2.6921213547296468,
      -1.687227893913925,
      0.1613406802907005
    ],
    [
      1.3140526365341916,
      -0.16062431930117987,
      0.020927905581669633
    ],
    [
      1.0764981395004694,
      -1.361968455340811,
      1.4277351021226257
    ]
  ],
  "space": "gamma",
  "error_per_255": 33.88185224941894,
  "n_images": 10,
  "n_pixels": 500000
}